estimate,currency,period,year,category,item,amount
ocrinvoicing-poc,USD,Build,0,delivery team,Delivery team,51200.0
ocrinvoicing-poc,USD,Build,0,one-off,Other one-off costs,0
ocrinvoicing-poc,USD,Build,0,environment,Shared environment (during delivery),17.16
ocrinvoicing-poc,USD,Build,0,environment,Dev environment (during delivery),1.0
ocrinvoicing-poc,USD,Build,0,environment,Prod environment (during delivery),1.04
ocrinvoicing-poc,USD,Build,0,contingency,Contingency,0.0
ocrinvoicing-poc,USD,Year 1,1,environment,Shared environment (run),135.17
ocrinvoicing-poc,USD,Year 1,1,environment,Dev environment (run),7.91
ocrinvoicing-poc,USD,Year 1,1,environment,Prod environment (run),8.15
ocrinvoicing-poc,USD,Year 1,1,support,Run support (OPEX),9600.0
ocrinvoicing-poc,USD,Year 1,1,run costs,Recurring run costs,0.0
ocrinvoicing-poc,USD,Year 1,1,contingency,Contingency,0.0
ocrinvoicing-poc,USD,Year 2,2,environment,Shared environment (run),135.17
ocrinvoicing-poc,USD,Year 2,2,environment,Dev environment (run),7.91
ocrinvoicing-poc,USD,Year 2,2,environment,Prod environment (run),8.15
ocrinvoicing-poc,USD,Year 2,2,support,Run support (OPEX),9600.0
ocrinvoicing-poc,USD,Year 2,2,run costs,Recurring run costs,0.0
ocrinvoicing-poc,USD,Year 2,2,contingency,Contingency,0.0
ocrinvoicing-poc,USD,Year 3,3,environment,Shared environment (run),135.17
ocrinvoicing-poc,USD,Year 3,3,environment,Dev environment (run),7.91
ocrinvoicing-poc,USD,Year 3,3,environment,Prod environment (run),8.15
ocrinvoicing-poc,USD,Year 3,3,support,Run support (OPEX),9600.0
ocrinvoicing-poc,USD,Year 3,3,run costs,Recurring run costs,0.0
ocrinvoicing-poc,USD,Year 3,3,contingency,Contingency,0.0
ocrinvoicing-poc,USD,Year 4,4,environment,Shared environment (run),135.17
ocrinvoicing-poc,USD,Year 4,4,environment,Dev environment (run),7.91
ocrinvoicing-poc,USD,Year 4,4,environment,Prod environment (run),8.15
ocrinvoicing-poc,USD,Year 4,4,support,Run support (OPEX),9600.0
ocrinvoicing-poc,USD,Year 4,4,run costs,Recurring run costs,0.0
ocrinvoicing-poc,USD,Year 4,4,contingency,Contingency,0.0
ocrinvoicing-poc,USD,Year 5,5,environment,Shared environment (run),135.17
ocrinvoicing-poc,USD,Year 5,5,environment,Dev environment (run),7.91
ocrinvoicing-poc,USD,Year 5,5,environment,Prod environment (run),8.15
ocrinvoicing-poc,USD,Year 5,5,support,Run support (OPEX),9600.0
ocrinvoicing-poc,USD,Year 5,5,run costs,Recurring run costs,0.0
ocrinvoicing-poc,USD,Year 5,5,contingency,Contingency,0.0
