estimate,currency,line,environment,component,service,sku,run_months_per_year,daily,weekly,monthly,annual,cite,price_source
ocrinvoicing-poc,USD,item,Shared,PostgreSQL Flexible Server compute,Azure Database for PostgreSQL,Burstable B1ms,12,0.22,1.56,6.79,81.43,_bmad-output/planning-artifacts/architecture/architecture-ocrinvoicing-2026-09-28/ARCHITECTURE-SPINE.md AD-12,"Azure Retail Prices API, Azure Database for PostgreSQL Flexible Server Burstable BS Series Compute / B1MS, southeastasia, USD per 1 Hour, meterId caa13868-6d59-5b82-ae7a-765904be9712, fetched 2026-09-28"
ocrinvoicing-poc,USD,item,Shared,PostgreSQL storage,Azure Database for PostgreSQL,Flex Server Storage,12,0.15,1.02,4.42,52.99,_bmad-output/planning-artifacts/architecture/architecture-ocrinvoicing-2026-09-28/ARCHITECTURE-SPINE.md AD-12,"Azure Retail Prices API, Azure Database for PostgreSQL Flex Server Storage / Storage Data Stored, southeastasia, USD per 1 GB/Month, meterId 3dc8bdb7-8a94-5ffe-8836-6e80a540f61f, fetched 2026-09-28"
ocrinvoicing-poc,USD,item,Shared,Document Intelligence,Cognitive Services,F0 (free),12,0.0,0.0,0.0,0.0,_bmad-output/planning-artifacts/architecture/architecture-ocrinvoicing-2026-09-28/ARCHITECTURE-SPINE.md AD-8,"Free tier F0: $0 per AD-8; S0 would be $10 per 1,000 pages (not looked up)"
ocrinvoicing-poc,USD,item,Shared,ACS Email,Email,"Basic, sent email",12,0.0,0.01,0.06,0.75,_bmad-output/planning-artifacts/architecture/architecture-ocrinvoicing-2026-09-28/ARCHITECTURE-SPINE.md AD-16,"Azure Retail Prices API, Email / Basic Sent Email, southeastasia, USD per 1, meterId 91348e14-8d9f-561e-ba5e-06be5a2c7a89, fetched 2026-09-28"
ocrinvoicing-poc,USD,environment total,Shared,,,,12,0.37,2.59,11.26,135.17,,
ocrinvoicing-poc,USD,item,Dev,Stage queues,Storage,"Queues v2 Standard LRS, Class 1 operations",12,0.0,0.03,0.12,1.44,_bmad-output/planning-artifacts/architecture/architecture-ocrinvoicing-2026-09-28/ARCHITECTURE-SPINE.md AD-2,"Azure Retail Prices API, Queues v2 / LRS Class 1 Operations, southeastasia, USD per 10K, meterId a7193db3-642b-4d6f-ad03-ed5f00153bbd, fetched 2026-09-28"
ocrinvoicing-poc,USD,item,Dev,"Blobs: images, corrections (30-day)",Storage,Block Blob v2 Hot LRS,12,0.0,0.0,0.02,0.24,_bmad-output/planning-artifacts/architecture/architecture-ocrinvoicing-2026-09-28/ARCHITECTURE-SPINE.md AD-15,"Azure Retail Prices API, General Block Blob v2 / Hot LRS Data Stored, southeastasia, USD per 1 GB/Month, meterId fc203689-76e7-4fbe-86b9-968d73231c00, fetched 2026-09-28"
ocrinvoicing-poc,USD,item,Dev,"Tables: links, keys, reminders",Storage,Tables Standard LRS,12,0.0,0.0,0.0,0.05,_bmad-output/planning-artifacts/architecture/architecture-ocrinvoicing-2026-09-28/ARCHITECTURE-SPINE.md AD-6,"Azure Retail Prices API, Tables / LRS Data Stored, southeastasia, USD per 1 GB/Month, meterId 3f2b1e1c-c886-4ec6-ad6f-dd0ef38819c9, fetched 2026-09-28"
ocrinvoicing-poc,USD,item,Dev,Key Vault,Key Vault,"Standard, operations",12,0.0,0.0,0.01,0.18,_bmad-output/planning-artifacts/architecture/architecture-ocrinvoicing-2026-09-28/ARCHITECTURE-SPINE.md AD-11,"Azure Retail Prices API, Key Vault / Operations, southeastasia, USD per 10K, meterId 0f824807-2376-435c-95c9-f992b67a07b0, fetched 2026-09-28"
ocrinvoicing-poc,USD,item,Dev,Metric alerts,Azure Monitor,"Alerts Metric Monitored, beyond first 10 free",12,0.02,0.12,0.5,6.0,_bmad-output/planning-artifacts/architecture/architecture-ocrinvoicing-2026-09-28/ARCHITECTURE-SPINE.md AD-17,"Azure Retail Prices API, Azure Monitor / Alerts Metric Monitored, southeastasia, USD per 1/Month, meterId 6860c782-bbcc-41ed-a218-fb308dd0942e, fetched 2026-09-28"
ocrinvoicing-poc,USD,item,Dev,Log Analytics + App Insights,Log Analytics,"Analytics Logs ingestion, within 5 GB free",12,0.0,0.0,0.0,0.0,_bmad-output/planning-artifacts/architecture/architecture-ocrinvoicing-2026-09-28/ARCHITECTURE-SPINE.md AD-17,"Azure Retail Prices API, Log Analytics / Analytics Logs Data Ingestion, southeastasia, USD per 1 GB, meterId 7a4feecb-f730-49f8-a801-efe03d15b862, fetched 2026-09-28"
ocrinvoicing-poc,USD,environment total,Dev,,,,12,0.02,0.15,0.66,7.91,,
ocrinvoicing-poc,USD,item,Prod,Stage queues,Storage,"Queues v2 Standard LRS, Class 1 operations",12,0.0,0.03,0.12,1.44,_bmad-output/planning-artifacts/architecture/architecture-ocrinvoicing-2026-09-28/ARCHITECTURE-SPINE.md AD-2,"Azure Retail Prices API, Queues v2 / LRS Class 1 Operations, southeastasia, USD per 10K, meterId a7193db3-642b-4d6f-ad03-ed5f00153bbd, fetched 2026-09-28"
ocrinvoicing-poc,USD,item,Prod,"Blobs: images, corrections (30-day)",Storage,Block Blob v2 Hot LRS,12,0.0,0.01,0.04,0.48,_bmad-output/planning-artifacts/architecture/architecture-ocrinvoicing-2026-09-28/ARCHITECTURE-SPINE.md AD-15,"Azure Retail Prices API, General Block Blob v2 / Hot LRS Data Stored, southeastasia, USD per 1 GB/Month, meterId fc203689-76e7-4fbe-86b9-968d73231c00, fetched 2026-09-28"
ocrinvoicing-poc,USD,item,Prod,"Tables: links, keys, reminders",Storage,Tables Standard LRS,12,0.0,0.0,0.0,0.05,_bmad-output/planning-artifacts/architecture/architecture-ocrinvoicing-2026-09-28/ARCHITECTURE-SPINE.md AD-6,"Azure Retail Prices API, Tables / LRS Data Stored, southeastasia, USD per 1 GB/Month, meterId 3f2b1e1c-c886-4ec6-ad6f-dd0ef38819c9, fetched 2026-09-28"
ocrinvoicing-poc,USD,item,Prod,Key Vault,Key Vault,"Standard, operations",12,0.0,0.0,0.01,0.18,_bmad-output/planning-artifacts/architecture/architecture-ocrinvoicing-2026-09-28/ARCHITECTURE-SPINE.md AD-11,"Azure Retail Prices API, Key Vault / Operations, southeastasia, USD per 10K, meterId 0f824807-2376-435c-95c9-f992b67a07b0, fetched 2026-09-28"
ocrinvoicing-poc,USD,item,Prod,Metric alerts,Azure Monitor,"Alerts Metric Monitored, beyond first 10 free",12,0.02,0.12,0.5,6.0,_bmad-output/planning-artifacts/architecture/architecture-ocrinvoicing-2026-09-28/ARCHITECTURE-SPINE.md AD-17,"Azure Retail Prices API, Azure Monitor / Alerts Metric Monitored, southeastasia, USD per 1/Month, meterId 6860c782-bbcc-41ed-a218-fb308dd0942e, fetched 2026-09-28"
ocrinvoicing-poc,USD,item,Prod,Log Analytics + App Insights,Log Analytics,"Analytics Logs ingestion, within 5 GB free",12,0.0,0.0,0.0,0.0,_bmad-output/planning-artifacts/architecture/architecture-ocrinvoicing-2026-09-28/ARCHITECTURE-SPINE.md AD-17,"Azure Retail Prices API, Log Analytics / Analytics Logs Data Ingestion, southeastasia, USD per 1 GB, meterId 7a4feecb-f730-49f8-a801-efe03d15b862, fetched 2026-09-28"
ocrinvoicing-poc,USD,environment total,Prod,,,,12,0.02,0.16,0.68,8.15,,
ocrinvoicing-poc,USD,total,,,,,,0.41,2.9,12.6,151.24,,
